date,hash
2026-02-02,50db037793f93eaa2eb6bf01cd66011964908ad9062d7fb5b83dee2e4291a96f
2026-02-03,5510ef613c1c43a1edc243cfbb786792e5735582295f3322d5728a97c8893288
2026-02-03,5510ef613c1c43a1edc243cfbb786792e5735582295f3322d5728a97c8893288
2026-02-04,e4a0321511af542100dc088d9a0dec9962385c5c8750e1e86395393bd87f3951
2026-02-05,e29ca8a275009d4c7c05a4f855972e764aba3ec0f7de863eb1da8b7d39866557
2026-02-06,2a1e5c0e00947eff232a6d56f08dfc8bc30c9698dfd5b75615327ba427ee2090
2026-02-08,34aeb1cdd5a9133536ba5d575e4f026f7eafc6187216623fb9aed1bc8c3fd230
2026-02-09,9c99f2c5537cab4f8b9e831424a57afb799b46bf8c1a5b90826f5622ce41e0b5
2026-02-10,1cc0aea13bc1d6bfa70b749f070ac76ca77c1d454798b96f70db16931c17246b
2026-02-11,fdcab137e58ad90dfabcc5637748c20502b8188d627b3bf372cef3ff0458df03
2026-02-12,2e1e33070b4af4590ce3f610be29f0aeb4b03f17b37ed9c63bc807cf36358088
2026-02-13,9f83504d3a2db055b70a2f54215906e995fad722528b983d0fc97dc0aab57440
2026-02-16,00b924484dc6cce12036dc47027a7969da3e9f567ae5cfa844e248b545492169
2026-02-17,54be4e1cdbb044bcd893b486019b1fae147e1e71d9ec4f1e43817c75b4998da3
2026-02-18,5859af73859cf0cdd7097d97cfff5eb042f4b641e426028359a8ba6f3966feba
